kinase,max
CK1G3,0.8198084810243089
CK1A,0.7910403665200111
YANK3,0.7566930454845774
GSK3B,0.744286892484858
YANK2,0.7393246725701432
GSK3A,0.7275607208697751
CK1D,0.6975262292521174
CK1A2,0.694207839597993
CK1G2,0.6920605399132513
SBK,0.6591100921828585
ERK7,0.6475052174435295
AAK1,0.6396004279668618
FAM20C,0.6384193506526109
CDK17,0.6357580525733927
SGK1,0.6250933276963946
P38D,0.6235743720569871
CDK3,0.619119438653471
JNK1,0.6184302601297232
P38G,0.6147545976495347
AURA,0.6122590542716997
CK1E,0.6102230978097882
CDK16,0.6068963256195191
AKT3,0.6062987705033808
CDK4,0.6015099698157018
JNK2,0.5990446141693843
CDK19,0.5956040554797979
CDK12,0.5952485485725821
DYRK4,0.589741392942099
CDK10,0.5800209089074936
CDK6,0.5745396947506569
SRPK2,0.570421699555672
HIPK2,0.5701728327402181
CDK18,0.5701153084703888
CDK1,0.5697841037857104
ERK1,0.5675330326488363
VRK1,0.5674621092655984
CDK13,0.566567443775116
CK1G1,0.5628992983405432
JNK3,0.5619184374800189
CDK9,0.561412056025003
CDK7,0.5584623364980422
CHK2,0.5482887200712777
CDK8,0.5425194985779905
CDK14,0.5400037030331615
DYRK1B,0.5359829203507674
PAK4,0.5248637709056581
AKT2,0.5209616845744697
AURB,0.5209112224443623
P38B,0.5171357673057846
CAMK1A,0.5112513936987836
BIKE,0.5110749667088118
ERK2,0.5104992634836278
AURC,0.504939672478433
KIS,0.5020210997318229
CRIK,0.4936214949543951
PKACA,0.4769530095042939
PAK5,0.4725984434487562
SRPK3,0.4708431001141537
HASPIN,0.4662239748235509
AKT1,0.4662081812263033
CDK5,0.4633435998477133
RSK4,0.4595748288231023
SRPK1,0.4576867283985845
CAMK1D,0.4549459878908893
CLK2,0.4542827025360931
P70S6K,0.4521218322416192
DYRK2,0.4510886747872087
PRKX,0.4510313560445498
PKACB,0.4411696461060339
MSK2,0.4368764728957426
PIM2,0.4326065083765398
HIPK1,0.4314999988229734
PKG1,0.4297148079425317
PAK6,0.4295407489590233
P38A,0.4233316962179608
PRP4,0.4227046451005625
MAK,0.4215250132467547
PKN1,0.4188295522732851
P90RSK,0.4159667210576114
CLK1,0.4151359460228065
DYRK1A,0.4146264046275468
MSK1,0.4137512498379644
GRK3,0.4136664146072299
ATM,0.4100348371638149
RSK2,0.4084261646388921
RSK3,0.4081097131659925
PRKD3,0.4052796542692161
CLK4,0.404979932833596
MAPKAPK5,0.4015694724947433
HIPK3,0.3996838033497347
DYRK3,0.3919568413423392
CAMK1G,0.3884072680707144
MOK,0.3881824402735533
MAPKAPK2,0.3860741699248849
CDKL5,0.3816100074933292
PKG2,0.3807481464122281
SMG1,0.3778175038093176
GRK2,0.3777073089969515
PIM1,0.3772582722670405
DNAPK,0.3769337532581912
MRCKB,0.3757292619849815
CK2A2,0.372442333515597
CK2A1,0.3690038277743095
DMPK1,0.3676396455595196
CDKL1,0.3641628092900362
CDK2,0.3639886136271908
TTBK1,0.3631427824544446
DAPK1,0.3616007012426727
STK33,0.3553049573092252
MRCKA,0.3545530145818667
PBK,0.3539846518482026
ROCK1,0.3485176628324452
PRKD2,0.3455762525922846
PAK2,0.3443839602956595
MYLK4,0.3438904219079231
SIK,0.3325110172780011
PLK2,0.3322376778895335
BMPR1A,0.3309019275784657
PAK1,0.3302256942809006
SGK3,0.3290298759355272
P70S6KB,0.3265176443376495
DAPK3,0.3237990801801187
TGFBR1,0.3147458962078785
MARK3,0.3061058209953327
ASK1,0.3016462152854186
NUAK1,0.2993981387715688
BRSK1,0.2991537470913809
PAK3,0.2978270374129347
ROCK2,0.2963234585459692
MAPKAPK3,0.2958930354293893
DCAMKL1,0.2938883183323339
ALPHAK3,0.2924217381652766
LATS2,0.2918325415411134
MARK2,0.2896536022845423
PKACG,0.2894442271861871
ALK2,0.2865161574531918
ICK,0.2859683431847862
PKCE,0.2851400848397983
SMMLCK,0.2825653093101839
MNK2,0.2769434166612257
ATR,0.2750121855068821
ALK4,0.2745487227752135
DCAMKL2,0.2704677627420973
PIM3,0.2704576176675792
GAK,0.2667834511169853
BMPR1B,0.2651264590647151
CAMK2A,0.2592064774570123
MELK,0.2588112734621932
MNK1,0.2574152335192893
NUAK2,0.2536237224608248
NLK,0.2527784812502665
BRSK2,0.2522611402831107
MARK1,0.2522262633345101
HIPK4,0.2502408203386114
TGFBR2,0.2470627026470553
PKN3,0.2456827869882079
PKCI,0.2448648718592541
PHKG2,0.2419901065826916
GRK7,0.2415868393825929
AMPKA2,0.2412538345299689
SLK,0.2403697989223697
BUB1,0.2402319438829384
PRKD1,0.2373593609879945
ERK5,0.2333668110565339
QSK,0.2320700886781389
NDR1,0.2303502375163296
MYO3A,0.230075485827488
ACVR2A,0.2287390923690712
DRAK1,0.2266700449794456
PKCT,0.2261297803079844
PKCA,0.2243690679425952
PLK3,0.2241575829770824
PHKG1,0.2241228560387553
PDK1,0.2225460398064575
ACVR2B,0.2216145653997403
CAMK4,0.2212441706043084
CAMLCK,0.2194565226611393
CLK3,0.2185318447270108
PKCB,0.2174877889662289
CAMK1B,0.2156109773088733
PASK,0.2123350477111186
CAMK2B,0.2074154082500614
TTBK2,0.206782451073492
KHS2,0.2056265028093512
MPSK1,0.2039668310936537
IKKA,0.2035810122601481
EEF2K,0.2003322342301546
PKCG,0.1998637685656737
CHAK2,0.1994846781134543
MARK4,0.1992516673881578
PKN2,0.1981001048037703
CDC7,0.197686444719756
PKCH,0.1972614007820225
TTK,0.1942222305203736
SNRK,0.1934663992721574
PKCZ,0.1925881222134391
ULK1,0.1914026522015961
AMPKA1,0.1912575043714363
MLK3,0.190143165685154
NDR2,0.1900734743326899
MAP3K15,0.1885345970093362
NIM1,0.1885103473722236
BCKDK,0.188211492151406
SKMLCK,0.1879416661099805
PLK1,0.1866388609350698
DAPK2,0.1854087253629945
GRK1,0.1849030895105643
IRE2,0.1848296729746514
CAMK2G,0.1845124268453251
PKCD,0.1835856394868147
STLK3,0.182770898150827
CAMK2D,0.1818472280244652
MLK4,0.1814052797859798
TSSK1,0.1812846409499414
LATS1,0.1789969032943662
BRAF,0.1786727042489864
QIK,0.1771030827223073
VRK2,0.1756944449686698
SSTK,0.1748883596621094
MEKK6,0.1735076945128193
GCN2,0.1718305573900234
YSK1,0.1715520303625645
HPK1,0.1704494152970595
CHK1,0.1703914681273711
NEK2,0.1675070403280303
MYO3B,0.1674617158412828
IKKE,0.1665523729087083
MEKK2,0.1660434779957496
MST3,0.1660349091500589
HGK,0.1639461288053732
LKB1,0.1639139977062322
KHS1,0.1600232474780632
TAO1,0.1583905524347449
IKKB,0.1572793863112016
MST4,0.1558736787140079
MLK1,0.1551582018764851
MST1,0.1522058052663252
MEK1,0.1518910228732994
RIPK2,0.1513018391446559
PERK,0.1505325388711041
OSR1,0.1497839234063378
IRE1,0.1491721029117549
LOK,0.1472459788762885
PDHK1,0.1472004326235974
TBK1,0.146977432134831
TSSK2,0.1468911301419577
TNIK,0.1468725432593245
MINK,0.1453041457802518
MST2,0.1443791014987107
RIPK3,0.1438714428964649
PLK4,0.1435982182127463
TLK1,0.141019153872298
NEK8,0.1402545032809263
HRI,0.1394021600023928
NEK11,0.13919125483416
GRK6,0.1375278680714096
TAO2,0.1370295814586082
IRAK1,0.1352171761521992
GCK,0.1349417527148939
PRPK,0.1340854495702069
ULK2,0.1334101994501481
NEK3,0.1331897835823024
PINK1,0.1323926608412383
MEK2,0.1322814768197212
HUNK,0.1311600548015462
WNK1,0.1309556544189773
MOS,0.1298923967854027
MTOR,0.1294163367133516
LRRK2,0.1287903390019459
TAK1,0.1283379745435482
YSK4,0.1281122610038278
NIK,0.1276949057521981
MEKK3,0.1272743559497789
TLK2,0.1257579636616059
CHAK1,0.1256194969891718
RIPK1,0.1252147132784957
NEK6,0.1249980223268551
TAO3,0.1235032136207647
NEK1,0.1229212940785453
NEK4,0.12222359738284
NEK9,0.1215651764842683
DSTYK,0.1211885768627036
CAMKK1,0.120353260112184
COT,0.1202758729453622
IRAK4,0.1191972401248271
CAMKK2,0.1191412981377631
WNK4,0.1185771371507515
NEK7,0.1177751000577321
GRK4,0.1169563467589802
NEK5,0.1149340931924078
PKR,0.1141987403669019
PDHK4,0.1134920636568135
MEKK1,0.1132053882027851
MEK5,0.111033825975673
RAF1,0.1105543715697736
ZAK,0.1079594702711196
GRK5,0.1069517053479513
DLK,0.1021870368278211
ANKRD3,0.1020579199251906
MLK2,0.0971127723129212
MASTL,0.0932935158010657
WNK3,0.0848033999587054
BMPR2,0.0841639620516292
